Callsign,Weight
Aardvark,1
Aardwolf,1
Abacus,1
Abnormal,1
Abyss,1
Academic,1
Acclaim,1
Accountant,1
Ace,1
Achilles,1
Acid,1
Acme,1
Acne,1
Acorn,1
Acrobat,1
Active,1
Adarna,1
Adonis,1
Aegis,1
Aerial,1
Aero,1
Aeronaut,1
Aethon,1
Afterburner,1
Aftermath,1
Aftershock,1
Agent,1
Agile,1
Agony,1
Agrat,1
Ahab,1
Airflow,1
Airfoil,1
Airlock,1
Airwolf,1
Albatross,1
Albion,1
Alchemist,1
Alien,1
All Day,1
All In,1
Alleycat,1
Alloy,1
Allure,1
Alpha,1
Alphabet,1
Altar,1
Alter,1
Amazon,1
Amber,1
Ambrosia,1
Ambush,1
Amethyst,1
Ammo,1
Ammut,1
Amore,1
Anansi,1
Anchor,1
Anchor Shot,1
Android,1
Andromeda,1
Angel,1
Anger,1
Angler,1
Angry,1
Angus,1
Animal,1
Anthem,1
Antidote,1
Antler,1
Anubis,1
Anvil,1
Apex,1
Aphrodite,1
Apocalypse,1
Apollo,1
Apparition,1
Apple,1
Applejack,1
Apprentice,1
April,1
Aquamarine,1
Aquarius,1
Arachne,1
Arbalest,1
Arbor,1
Arcade,1
Arcadia,1
Arcana,1
Arcane,1
Archangel,1
Archer,1
Architect,1
Arctic,1
Ardent,1
Ares,1
Argent,1
Argon,1
Argus,1
Aria,1
Aristotle,1
Ark,1
Arknight,1
Armada,1
Armageddon,1
Armor,1
Armor Bear,1
Army,1
Arrow,1
Arsenal,1
Arson,1
Artemis,1
Ascendant,1
Ascent,1
Ascot,1
Asgard,1
Ash,1
Ashen,1
Ashram,1
Aspect,1
Aspen,1
Assassin,1
Assault,1
Asterisk,1
Astral,1
Astro,1
Aswang,1
Atalanta,1
Athena,1
Athens,1
Atlantic,1
Atlas,1
Atmosphere,1
Atoll,1
Atom,1
Atomic,1
Atrocity,1
Attila,1
Attitude,1
Auntie,1
Aurora,1
Austere,1
Austin,1
Auto,1
Autumn,1
Avalanche,1
Avalon,1
Avatar,1
Avenger,1
Avenging Angel,1
Aviator,1
Avocado,1
Avon,1
Avril,1
Awakening,1
Axel,1
Axeman,1
Axis,1
Axle,1
Azeban,1
Azimuth,1
Azrael,1
Aztec,1
Azure,1
Babe,1
Baboon,1
Babs,1
Backbone,1
Backdraft,1
Backlash,1
Backspin,1
Backstop,1
Backtrack,1
Bacon,1
Badger,1
Bagman,1
Bagpipe,1
Bailey,1
Bailiff,1
Bailout,1
Bait,1
Baja,1
Balance,1
Baldric,1
Balisong,1
Ballad,1
Ballast,1
Baller,1
Ballerina,1
Ballistic,1
Balm,1
Bam Bam,1
Bamboo,1
Bandit,1
Bandsaw,1
Bandwagon,1
Bane,1
Bang,1
Banhammer,1
Banjo,1
Bank,1
Banquet,1
Banshee,1
Banter,1
Banzai,1
Barb,1
Barbarian,1
Barbican,1
Bardiche,1
Bark,1
Barley,1
Barn,1
Barn Owl,1
Barnacle,1
Barnet,1
Baron,1
Barracuda,1
Barrage,1
Barrel,1
Barreleye,1
Barren,1
Barricade,1
Barrier,1
Barrister,1
Basher,1
Bashful,1
Basilisk,1
Bast,1
Bastard,1
Bastion,1
Bat,1
Batangas,1
Batfish,1
Baton,1
Battleclad,1
Battlecry,1
Batty,1
Bayard,1
Bayonet,1
Bayot,1
Bazaar,1
Beach,1
Beachball,1
Beacon,1
Beagle,1
Beak,1
Beaker,1
Beam,1
Bear,1
Bearcat,1
Beast,1
Beauty,1
Beaver,1
Beef,1
Beefeater,1
Beehive,1
Beeline,1
Beeps,1
Beetle,1
Behemoth,1
Bell,1
Bellatrix,1
Beloved,1
Beluga,1
Bender,1
Bengal,1
Benign,1
Beowulf,1
Berry,1
Berserk,1
Berserker,1
Beta,1
Bifrost,1
Big Dog,1
Big Money,1
Big Shot,1
Big Texas,1
Big Ticket,1
Big Time,1
Bigfoot,1
Bigwig,1
Biker,1
Bilge,1
Binary,1
Binder,1
Binge,1
Bingo,1
Bird,1
Birdhand,1
Birdie,1
Biscuit,1
Bishop,1
Bison,1
Bistro,1
Bittern,1
Black,1
Black Sheep,1
Black Widow,1
Blackbird,1
Blackhawk,1
Blackjack,1
Blacklist,1
Blackout,1
Blade,1
Blame,1
Bland,1
Blaster,1
Blaze,1
Blazer,1
Blip,1
Blister,1
Blitz,1
Blizzard,1
Blobfish,1
Blockade,1
Blond,1
Blondie,1
Blood,1
Bloodclaw,1
Bloodhound,1
Blossom,1
Blotch,1
Blowfly,1
Blue,1
Bluebird,1
Bluff,1
Blunder,1
Blur,1
Boar,1
Boatman,1
Bobcat,1
Bobsled,1
Bobtail,1
Bogey,1
Bold,1
Bolero,1
Bolo,1
Bolt,1
Bolts,1
Bomb,1
Bomber,1
Bombshell,1
Bond,1
Bone,1
Bones,1
Bonfire,1
Bonnet,1
Bonnie,1
Bonus,1
Bonzai,1
Boo,1
Booger,1
Boogie,1
Book,1
Bookend,1
Booker,1
Bookie,1
Boomer,1
Boomerang,1
Boomslang,1
Boomstick,1
Boomtube,1
Boon,1
Boost,1
Booster,1
Boot,1
Bootcamp,1
Booty,1
Borealis,1
Boris,1
Boson,1
Boss,1
Bough,1
Boulder,1
Bounty,1
Bowery,1
Boxcar,1
Boy,1
Bracket,1
Brag,1
Braille,1
Brainy,1
Brake,1
Bramble,1
Brand,1
Branth,1
Brash,1
Brass,1
Bravado,1
Brave,1
Bravo,1
Brawl,1
Brawler,1
Brawn,1
Brawny,1
Breakdown,1
Breaker,1
Breeze,1
Brew,1
Brewer,1
Briar,1
Brick,1
Brickwall,1
Brickyard,1
Brig,1
Brigade,1
Brimstone,1
Brindle,1
Brio,1
Brisk,1
Brisket,1
Bristle,1
Brite,1
Brittle,1
Broadway,1
Brocade,1
Brock,1
Broil,1
Broker,1
Bromide,1
Bronco,1
Bronx,1
Brooch,1
Brood,1
Broody,1
Brook,1
Broom,1
Brouhaha,1
Bruin,1
Brunch,1
Brute,1
Brutus,1
Bub,1
Bubbles,1
Buccaneer,1
Buck,1
Buckaroo,1
Bucket,1
Buckeye,1
Buckle,1
Buckshot,1
Bucky,1
Buddha,1
Buddy,1
Buff,1
Buffer,1
Buffoon,1
Bug,1
Bugaboo,1
Bugbear,1
Buggy,1
Bugs,1
Bugspray,1
Bugsy,1
Builder,1
Bull,1
Bull Rush,1
Bulldog,1
Bullet,1
Bullfrog,1
Bullion,1
Bullseye,1
Bumble,1
Bump,1
Bumper,1
Bundle,1
Bungalow,1
Bungle,1
Bunker,1
Bunny,1
Bunyip,1
Buraq,1
Burger,1
Burglar,1
Burly,1
Burn,1
Burner,1
Burnout,1
Burst,1
Bus Stop,1
Bush,1
Bushel,1
Bust,1
Buster,1
Busybee,1
Butch,1
Butcher,1
Butler,1
Butter,1
Butterfly,1
Butternut,1
Button,1
Buzz,1
Buzzard,1
Buzzsaw,1
Byte,1
C-Bill,1
Cabal,1
Cabin,1
Caboose,1
Cactus,1
Cadence,1
Cadet,1
Caesar,1
Caffeine,1
Cait Sidhe,1
Cajun,1
Cake,1
Calamari,1
Calamity,1
Calculator,1
Caliban,1
Caliber,1
Calico,1
Caller,1
Calliope,1
Callisto,1
Calm,1
Calypso,1
Camel,1
Camelot,1
Camelthorn,1
Camo,1
Camper,1
Campfire,1
Campside,1
Canary,1
Candle,1
Candor,1
Candy,1
Candyman,1
Cane,1
Canine,1
Canis,1
Cannon,1
Canvas,1
Canyon,1
Cape,1
Caper,1
Capital,1
Capo,1
Caprice,1
Capstone,1
Captain,1
Captive,1
Caracel,1
Caravan,1
Caravel,1
Carbon,1
Cardinal,1
Caretaker,1
Cargo,1
Caribou,1
Carnival,1
Carol,1
Carrack,1
Carrot,1
Cart,1
Carton,1
Carver,1
Caryatid,1
Cascade,1
Casey,1
Cash,1
Casino,1
Casket,1
Caskmate,1
Casper,1
Cassandra,1
Casserole,1
Cassowary,1
Castaway,1
Caster,1
Castle,1
Cat's Eye,1
Cataclysm,1
Catalyst,1
Catastrophe,1
Catch,1
Catfish,1
Cathedral,1
Catman,1
Cattle,1
Catty,1
Cauldron,1
Causeway,1
Caveman,1
Celery,1
Celestia,1
Celestial,1
Celestine,1
Cement,1
Centaur,1
Central,1
Centurion,1
Century,1
Cerberus,1
Cereal,1
Ceremony,1
Chain,1
Chains,1
Chainsaw,1
Chalice,1
Challenger,1
Chamberlain,1
Champion,1
Chance,1
Chancellor,1
Chaos,1
Chaperone,1
Chaplain,1
Charger,1
Charter,1
Chase,1
Chaser,1
Chasm,1
Chatroom,1
Chatter,1
Chatterbox,1
Chatty,1
Chava,1
Cheap,1
Checkerboard,1
Checkmate,1
Cheese,1
Cheetah,1
Chemist,1
Cherry,1
Cherry Bomb,1
Chess,1
Chestnut,1
Chick,1
Chicken,1
Chickenhound,1
Chickpea,1
Chief,1
Child,1
Chili,1
Chill,1
Chillbox,1
Chiller,1
Chime,1
Chimera,1
Chinook,1
Chinstrap,1
Chip,1
Chips,1
Chiron,1
Chirp,1
Chisel,1
Cholach,1
Chomp,1
Chopper,1
Chops,1
Chorus,1
Chosen,1
Chowder,1
Chrome,1
Chrome Dog,1
Chuck,1
Chuckle,1
Chuckles,1
Chuckwagon,1
Chum,1
Chupacabra,1
Church,1
Cicerone,1
Cider,1
Cigar,1
Cinderella,1
Cinnamon,1
Cipher,1
Circuit,1
Circus,1
Citadel,1
Citizen,1
Citrus,1
City,1
Clam,1
Clamp,1
Clank,1
Clap,1
Clash,1
Classic,1
Claw,1
Clay,1
Claymore,1
Clef,1
Clem,1
Cleric,1
Cletus,1
Click,1
Cliff,1
Climax,1
Clinic,1
Clip,1
Clipper,1
Clive,1
Cloak,1
Clock,1
Clone,1
Closer,1
Cloud,1
Clover,1
Clown,1
Club,1
Clue,1
Clutch,1
Coach,1
Coast,1
Coastguard,1
Cobalt,1
Cobra,1
Cockatrice,1
Cockpit,1
Cockroach,1
Coco,1
Cocoa,1
Coconut,1
Code,1
Coder,1
Codex,1
Coffee,1
Coffin,1
Coil,1
Coin,1
Colby,1
Coldface,1
Coldstart,1
Collar,1
Collateral,1
Collector,1
Colonial,1
Colossus,1
Colt,1
Coma,1
Comanche,1
Combo,1
Comet,1
Commander,1
Commando,1
Compass,1
Comrade,1
ComStar,1
Conan,1
Concord,1
Condor,1
Coney,1
Confessor,1
Confetti,1
Congo,1
Conman,1
Conqueror,1
Conquest,1
Conquistador,1
Consigliere,1
Constable,1
Constellation,1
Construct,1
Contact,1
Contour,1
Control,1
Convert,1
Convict,1
Convoy,1
Cookie,1
Cookies,1
Cool Hand,1
Cooler,1
Cooper,1
Copper,1
Copperhead,1
Coppertop,1
Coral,1
Cork,1
Corkwood,1
Corn,1
Corona,1
Coronation,1
Coronet,1
Coronis,1
Corporate,1
Corsair,1
Cosmic,1
Cosmo,1
Cosmos,1
Cougar,1
Count,1
Countess,1
Courage,1
Courier,1
Courser,1
Covert,1
Cowboy,1
Coyote,1
Crabshack,1
Crackle,1
Crackshot,1
Craft,1
Craftsman,1
Crana,1
Crane,1
Crash,1
Crashdown,1
Crater,1
Crawl,1
Crawler,1
Crazy Quilt,1
Creator,1
Creep,1
Creeper,1
Creepy,1
Crepe,1
Crimson,1
Critical,1
Critter,1
Crocale,1
Crogh,1
Crook,1
Crossfade,1
Crossfire,1
Crosshairs,1
Crow,1
Crown,1
Cruise,1
Cruithe,1
Crumb,1
Crumble,1
Crunch,1
Crusader,1
Crusher,1
Crypto,1
Crystal,1
Cub,1
Cube,1
Cuchulain,1
Cueball,1
Cuervo,1
Cujo,1
Cure,1
Curly,1
Cushion,1
Cutlass,1
Cutter,1
Cyber,1
Cyborg,1
Cyclone,1
Cyclops,1
Cynic,1
Cypher,1
Cyrene,1
Daedalus,1
Dagger,1
Daily,1
Dallas,1
Dame,1
Danae,1
Dancer,1
Danger,1
Dare,1
Daredevil,1
Dark,1
Dark Angel,1
Darkness,1
Darkstar,1
Dart,1
Dash,1
Data,1
Dauntless,1
Dawn,1
Daybreak,1
Daydream,1
Daylight,1
Dazzle,1
Deacon,1
Deadbolt,1
Deadeye,1
Deadheart,1
Deadlock,1
Deadshot,1
Deadwood,1
Dealer,1
Death,1
Death Angel,1
Deathknell,1
Deathstrike,1
Deathstroke,1
Decker,1
Deckhand,1
Decoy,1
Deep Freeze,1
Deep Six,1
Deep Teal,1
Deer Hunter,1
Defcon,1
Defender,1
Defiant,1
Defrag,1
Dekker,1
Delta,1
Demeter,1
Demo,1
Demoman,1
Demon,1
Dempsey,1
Derby,1
Desert,1
Desperado,1
Destiny,1
Destroyer,1
Detroit,1
Deuce,1
Devastator,1
Devil,1
Devil Dog,1
Devourer,1
Dexter,1
DFA,1
Diablo,1
Diamond,1
Dice,1
Diesel,1
Digger,1
Dingo,1
Dino,1
Dionysus,1
Dipper,1
Direwolf,1
Dirge,1
Dirk,1
Dirt,1
Dirtnap,1
Disco,1
Discord,1
Discount,1
Ditch,1
Diva,1
Dive,1
Diver,1
Divine,1
Dixie,1
Dizzy,1
DJ,1
DOA,1
Doc,1
Dockside,1
Doctrine,1
Dog,1
Dog Ear,1
Domain,1
Dominator,1
Dominion,1
Domino,1
Doom,1
Doomsday,1
Dopey,1
Double Down,1
Doubledown,1
Doubleshot,1
Doughball,1
Downfall,1
Download,1
Dozer,1
Dozey,1
Dr Feelgood,1
Draco,1
Draft,1
Dragnet,1
Dragon,1
Dragonfire,1
Dragonheart,1
Dragoon,1
Drake,1
Draugr,1
Dread,1
Dreamer,1
Dreamland,1
Dreamweaver,1
Drifter,1
Drillbit,1
Drizzle,1
Droopy,1
Dropkick,1
Dropout,1
Druid,1
Duchess,1
Duck,1
Dude,1
Duke,1
Dumpling,1
Dune Rat,1
Dusk,1
Dusty,1
Dutch,1
Dynamite,1
Dynamo,1
Dynasty,1
Eagle,1
Eagle Eye,1
Earl,1
Earthquake,1
Eastwood,1
Easy,1
Echidna,1
Echo,1
Eclipse,1
Ecto,1
Eden,1
Edge,1
Eight Ball,1
Eight-Ball,1
Elite,1
Elvis,1
Elysium,1
Ember,1
Emerald,1
Emo,1
Emperor,1
Empire,1
Empress,1
Encantado,1
Encore,1
Encyclopedia,1
Energy,1
Enforcer,1
Engine,1
Enigma,1
Entry,1
Eon,1
Epic,1
Epoxy,1
Epsilon,1
Equinox,1
Escort,1
Eternity,1
Ether,1
Euphoria,1
Eureka,1
Europa,1
Evergreen,1
Evil,1
Evil Eye,1
Excalibur,1
Executioner,1
Executive,1
Executor,1
Exile,1
Exodus,1
Explorer,1
Express,1
Expresso,1
Fable,1
Fafnir,1
Falchion,1
Falcon,1
Falconer,1
Fang,1
Farmer,1
Fast Lane,1
Fatality,1
Fate,1
Father,1
Fauchard,1
Fearless,1
Feedback,1
Feline,1
Felis,1
Felix,1
Fender,1
Feral,1
Fervor,1
Fester,1
Fiber,1
Fiddle,1
Fidget,1
Fido,1
Fiend,1
Finale,1
Finder,1
Fine-line,1
Fingers,1
Fire Cat,1
Fireball,1
Firebird,1
Firebrand,1
Firebug,1
Firefly,1
Firehawk,1
Firelight,1
Firestorm,1
Firewall,1
Firewood,1
Fish,1
Fisher,1
Fisherman,1
Fixer,1
Fizz,1
Flair,1
Flame,1
Flanker,1
Flare,1
Flash,1
Flathead,1
Flatline,1
Fleece,1
Fleet,1
Flex,1
Flicker,1
Flight,1
Flint,1
Flip,1
Flounder,1
Flowchart,1
Floyd,1
Fluke,1
Flume,1
Flurry,1
Flyboy,1
Flycatcher,1
Flynn,1
Focus,1
Force,1
Forester,1
Fork,1
Forklift,1
Fortress,1
Foul,1
Fox,1
Foxglove,1
Foxhound,1
Foxtrot,1
Foxy,1
Frag,1
Freak,1
Freakshow,1
Freebie,1
Freedom,1
Freelancer,1
Freestyle,1
Freight Train,1
Fresca,1
Freud,1
Friday,1
Fridge,1
Friendly,1
Frigate,1
Frontline,1
Frost,1
Frosty,1
Fugitive,1
Fumbles,1
Funnelweb,1
Funny,1
Furor,1
Furry,1
Fury,1
Fuse,1
Fusion,1
Fuster,1
Fuster-Lizard,1
Fuzz,1
Fuzzy,1
Gadget,1
Gaggle,1
Galahad,1
Galatea,1
Galaxy,1
Gale,1
Gamble,1
Gambler,1
Game Time,1
Gamer,1
Gameshow,1
Gamma,1
Gangster,1
Ganymede,1
Garbage,1
Gardener,1
Gargoyle,1
Garm,1
Garrote,1
Garuda,1
Gaslight,1
Gaspipe,1
Gator,1
Gatsby,1
Gaucho,1
Gawain,1
Gear,1
Gearbox,1
Gecko,1
Geezer,1
Gemini,1
Genesis,1
Geneva,1
Genitor,1
Genius,1
Geoduck,1
Geronimo,1
Geryon,1
Getaway,1
Geyser,1
Ghost,1
Ghost Walker,1
Ghoul,1
Giant,1
Giant-Killer,1
Gig,1
Giga,1
Giggle,1
Giggles,1
Gillarg,1
Ginger,1
Ginsu,1
Giraffe,1
Girder,1
Gizmo,1
Gladiator,1
Gladius,1
Glaive,1
Glare,1
Glass,1
Glassjaw,1
Glasswing,1
Gleam,1
Glide,1
Glimmer,1
Glint,1
Glissade,1
Glitch,1
Glitter,1
Global,1
Glory,1
Glowworm,1
Gnarly,1
Goat,1
Goblin,1
Godan,1
Godiva,1
Goggles,1
Goji,1
Gold,1
Goldfinch,1
Goldhorn,1
Golem,1
Goliath,1
Gomer,1
Gonzo,1
Goody,1
Goofy,1
Goose,1
Goosefoot,1
Gopher,1
Gorgon,1
Gossamer,1
Grace,1
Graceland,1
Grackle,1
Grand Slam,1
Grandmaster,1
Grandpa,1
Gravedigger,1
Graviton,1
Greasy,1
Green,1
Greenroom,1
Gremlin,1
Grendel,1
Greyhound,1
Grid,1
Griffin,1
Grim,1
Grinch,1
Grit,1
Grizzly,1
Groovy,1
Grouch,1
Groundhog,1
Growl,1
Grub,1
Grump,1
Grumpy,1
Grunt,1
Grunter,1
Guardian,1
Guinness,1
Guisarme,1
Gumball,1
Gumdrop,1
Gun Man,1
Gundog,1
Gundoll,1
Gungnir,1
Gunhog,1
Gunner,1
Gunrunner,1
Gunslinger,1
Guts,1
Gyrojet,1
Gyru,1
Hacksaw,1
Hadaly,1
Hades,1
Hagfish,1
Hail,1
Haizum,1
Halbadier,1
Halberd,1
Halcyon,1
Halibut,1
Halo,1
Hambone,1
Hammer,1
Handmaiden,1
Hang-up,1
Hangar,1
Hangover,1
Hannibal,1
Happy,1
Harbinger,1
Hard Rock,1
Hardball,1
Hardcore,1
Hardline,1
Hardlock,1
Hardpoint,1
Harley,1
Harmony,1
Harpo,1
Harpoon,1
Harpy,1
Harrier,1
Harvester,1
Hash,1
Hashcode,1
Hat Trick,1
Hatchet,1
Hatter,1
Haunt,1
Haven,1
Havoc,1
Havok,1
Hawk,1
Hawkeye,1
Hazard,1
Haze,1
Headcase,1
Headhunter,1
Headless,1
Headshot,1
Heat,1
Heat Wave,1
Heater,1
Heatsink,1
Heaven,1
Heavensward,1
Hecate,1
Helius,1
Helix,1
Hell Cat,1
Hellbender,1
Hellborn,1
Hellburner,1
Hellebore,1
Hellfire,1
Hellhound,1
Hellion,1
Helo,1
Hemlock,1
Hera,1
Heracles,1
Hercules,1
Hermes,1
Hero,1
Heroine,1
Herringbone,1
Hex,1
Hi-Spec,1
Hibagon,1
Hiccup,1
Hickory,1
High Life,1
High Noon,1
High Roller,1
High Voltage,1
Highlander,1
Hightail,1
Hightower,1
Hijack,1
Hippo,1
Hipshot,1
Hitch,1
Hitman,1
Hive,1
Hivemind,1
Hocus,1
Hog,1
Hogweed,1
Hoist,1
Hokum,1
Hollywood,1
Holovid,1
Holy,1
Holy Man,1
Homunculus,1
Honor Guard,1
Hooch,1
Hook,1
Hoop Snake,1
Hope,1
Hopeful,1
Hoplite,1
Horizon,1
Hornet,1
Horse,1
Horseman,1
Hoss,1
Hot Damn,1
Hot Drop,1
Hot Rod,1
Hotbox,1
Hotdog,1
Hothead,1
Hotrod,1
Hotshot,1
Hotspur,1
Hotwire,1
Hound,1
Hound Dog,1
Howdy,1
Howl,1
Howler,1
Hudson,1
Huevos,1
Hulk,1
Hunter,1
Huntress,1
Hurricane,1
Husker,1
Husky,1
Hyde,1
Hydra,1
Hyena,1
Hymn,1
Hyper,1
Hyperion,1
Hyperpulse,1
Hypnos,1
Icarus,1
Ice,1
Iceberg,1
Icebox,1
Icefisher,1
Iceheart,1
Icehouse,1
Iceman,1
Icepick,1
Icetea,1
Icon,1
Idol,1
Ifrit,1
Igor,1
Iguana,1
Illusion,1
Image,1
Impact,1
Imperator,1
Imperial,1
Inch,1
Incognito,1
Indiana,1
Indigo,1
Indy,1
Inferno,1
Infinity,1
Infinium,1
Innovation,1
Inquisitor,1
Intake,1
Intendant,1
Intrepid,1
Intruder,1
Invader,1
Ion,1
Iridescent,1
Iris,1
Irish,1
Iron,1
Iron Claw,1
Iron Lady,1
Iron Maiden,1
Iron Man,1
Ironblade,1
Ironclad,1
Ironfin,1
Ironfist,1
Ironhead,1
Ironheart,1
Ironman,1
Ironshade,1
Ironsides,1
Ironstorm,1
Ironwing,1
Ironwood,1
Irony,1
Isis,1
Island,1
Isonade,1
Itchy,1
Ivan,1
Ivanhoe,1
Ivory,1
Jack,1
Jackal,1
Jackalope,1
Jackdaw,1
Jackpot,1
Jaculus,1
Jade,1
Jaeger,1
Jäger,1
Jaguar,1
Jalopy,1
Jambiyah,1
Jammer,1
Janissary,1
Janus,1
Jasconius,1
Jasper,1
Java,1
Javelin,1
Jaws,1
Jayhawk,1
Jazz,1
Jazzman,1
Jeckyl,1
Jelly,1
Jenkins,1
Jester,1
Jet,1
Jethro,1
Jiangshi,1
Jingle,1
Jinx,1
Jive,1
Jockey,1
Johnny,1
Johnson,1
Joker,1
Jolly,1
Jolt,1
Jotun,1
Journey,1
Journeyman,1
Joy,1
Jubilant,1
Jubilee,1
Jubokko,1
Judge,1
Judgement,1
Judgment Day,1
Juggernaut,1
Juice,1
Jumbo,1
Jump Jet,1
Jump Jet,1
Jump Point,1
Jungle,1
Junior,1
Junk Yard,1
Junker,1
Junkyard,1
Justicar,1
Justice,1
Jynx,1
K-9,1
Kaiju,1
Kaiser,1
Kaleidoscope,1
Karambit,1
Karkinos,1
Karma,1
Kato,1
Kayak,1
Keeper,1
Keepsake,1
Kelpie,1
Kerberos,1
Keresh,1
Kestrel,1
Ketchup,1
Kettle,1
Kevlar,1
Key,1
Keymaster,1
Keystone,1
Khepri,1
Khopesh,1
Ki-rian,1
Kibble,1
Kickstart,1
Kid,1
Killer,1
Killjoy,1
Killstreak,1
Kilo,1
Kincha,1
Kindle,1
Kindred,1
King,1
Kingfisher,1
Kingmaker,1
Kingpin,1
Kingwood,1
Kinship,1
Kishi,1
Kismet,1
Kite,1
Kitsune,1
Kitten,1
Kitty,1
Kitty Hawk,1
Kiwi,1
Knife,1
Knife Edge,1
Knight,1
Knighthawk,1
Knockout,1
Knuckles,1
Kobiyashi,1
Kodama,1
Kodiak,1
Kojak,1
Kong,1
Koschei,1
Kpinga,1
Kraken,1
Krampus,1
Krill,1
Krunch,1
Kukri,1
Kumiho,1
Lace,1
Laceleaf,1
Laddie,1
Lady,1
Lager,1
Lagoon,1
Laker,1
Lamassu,1
Lamb,1
Lamia,1
Lamp,1
Lamplight,1
Lamprey,1
Lancelot,1
Lancer,1
Land Shark,1
Landslide,1
Lanik,1
Lark,1
Lash,1
Lasher,1
Latte,1
Lava,1
Lawndart,1
Lawyer,1
Lazarus,1
League,1
Leaky,1
Leech,1
Lefty,1
Legal,1
Legend,1
Lemonade,1
Leonidas,1
Leshy,1
Lethal,1
Letter,1
Leviathan,1
Liberty,1
Life Size,1
Lifeboat,1
Lifeguard,1
Lifter,1
Liftoff,1
Light,1
Lightfoot,1
Lighthouse,1
Lightning,1
Lights Out,1
Lilac,1
Lily,1
Limpet,1
Lindorm,1
Lineback,1
Liner,1
Link,1
Lion,1
Lionfish,1
Lionheart,1
Lionness,1
Lite,1
Little,1
Live,1
Lobby,1
Lobo Plumado,1
Lobster,1
Lockdown,1
Lockheart,1
Loco,1
Loki,1
Lone Eagle,1
Lone Star,1
Lone Wolf,1
Loner,1
Long Shot,1
Longarm,1
Longbow,1
Longhorn,1
Longshadow,1
Longshot,1
Longwalker,1
Looking Glass,1
Lookout,1
Loom,1
Loon,1
Loony,1
Lostech,1
Loud,1
Low Rider,1
Lowball,1
Lucky,1
Lumberjack,1
Luminary,1
Lumpy,1
Luna,1
Lunar,1
Lunchbox,1
Lungfish,1
Luster,1
Lustrous,1
Lynx,1
Lyric,1
Mace,1
Machete,1
Machinator,1
Macho,1
Mack,1
Mad Dog,1
Mad Fox,1
Mad Wolf,1
Madhat,1
Madman,1
Maestro,1
Mage,1
Magellan,1
Magic,1
Magister,1
Magistrate,1
Magma,1
Magnet,1
Magnum,1
Magpie,1
Mags,1
Magus,1
Mahogany,1
Maiden,1
Mailman,1
Mailsloth,1
Mainframe,1
Mainsail,1
Majestic,1
Mako,1
Malachite,1
Malibu,1
Mallard,1
Malware,1
Mamba,1
Mandrake,1
Maniac,1
Manta,1
Mantis,1
Maple,1
Marauder,1
Margrave,1
Marine,1
Mariner,1
Marlin,1
Marmoset,1
Marquis,1
Marrow,1
Mars,1
Marshall,1
Marvel,1
Marvin,1
Masamune,1
Mascot,1
Mask,1
Masterkey,1
Mastodon,1
Matador,1
Matrix,1
Maul,1
Maverick,1
Max,1
Maxim,1
Maximum,1
Maya,1
Mayday,1
Meadow,1
Meadowlark,1
Meat,1
Meatball,1
Meathead,1
Meathook,1
Medallion,1
Medea,1
Mediator,1
Medic,1
Medipack,1
Medusa,1
Megaflop,1
Megasaur,1
Melody,1
Melon,1
Meltdown,1
Menace,1
Mercenary,1
Merchant,1
Mercury,1
Merlin,1
Merrow,1
Metal,1
Meteor,1
Micro,1
Microwave,1
Midas,1
Middleman,1
Midnight,1
Milestone,1
Milk,1
Milkman,1
Millennium,1
Miller,1
Mind Game,1
Minder,1
Minefield,1
Minotaur,1
Minuteman,1
Mirage,1
Misery,1
Misfit,1
Missionary,1
Mist,1
Mistral,1
Mjolnir,1
Mobile,1
Moccasin,1
Moebius,1
Mohawk,1
Mojo,1
Molly,1
Monarch,1
Money,1
Mongoose,1
Mongrel,1
Monk,1
Monkfish,1
Monkshood,1
Monsoon,1
Monster,1
Mooch,1
Moon,1
Moon Rabbit,1
Moonbeam,1
Moondust,1
Mooneye,1
Moonflower,1
Moonie,1
Moonlight,1
Moonstone,1
Moose,1
Moosejaw,1
Moped,1
Moral,1
Moray,1
Morning Star,1
Morningstar,1
Morpheus,1
Morrigan,1
Motel,1
Mother,1
Mothership,1
Mothman,1
Motion,1
Motley,1
Motor Mouth,1
Motown,1
Mouse,1
Mover,1
Moxie,1
Mud Hen,1
Mudbug,1
Mudguard,1
Muffin,1
Muffintop,1
Mujina,1
Mumble,1
Mumbles,1
Murdock,1
Murky,1
Murmillo,1
Murphy,1
Muse,1
Mushroom,1
Music,1
Music Box,1
Musket,1
Muskrat,1
Mustang,1
Muttonchop,1
Myrmidon,1
Mystic,1
Mystique,1
Nacho,1
Nag,1
Naga,1
Nail,1
Nails,1
Namazu,1
Naranji,1
Narcissus,1
Nasty,1
Nav,1
Nebula,1
Nectar,1
Needle,1
Needlenose,1
Nekomata,1
Nemesis,1
Nemo,1
Neo,1
Neon,1
Neptune,1
Nero,1
Nest,1
Neutron,1
Newton,1
Nexus,1
Nibbler,1
Nibbles,1
Nickel,1
Night,1
Nightcap,1
Nightclaw,1
Nightcry,1
Nightfall,1
Nightfury,1
Nighthawk,1
Nightingale,1
Nightlight,1
Nightmare,1
Nightshade,1
Nightstorm,1
Nightwalker,1
Nightwatch,1
Nightwing,1
Nimbus,1
Nine,1
Ningyo,1
Ninja,1
Nitro,1
Nix,1
Noble,1
Noir,1
Nolan,1
Nomad,1
Noodle,1
Noose,1
Northman,1
Nova,1
Nugget,1
Nuke,1
Nukes,1
Null,1
Numbers,1
Nuts,1
Oak,1
Oasis,1
Obsidian,1
Ocean,1
Oceanside,1
Odin,1
Odinson,1
Odysseus,1
Odyssey,1
Ogre,1
Oiler,1
Old Man,1
Olympia,1
Omaha,1
Omega,1
Omen,1
Onikuma,1
Onyx,1
Opal,1
Optimal,1
Opus,1
Oracle,1
Orbit,1
Orchid,1
Origin,1
Oriole,1
Orion,1
Orthrus,1
Oscar,1
Osprey,1
Ostrich,1
Otterhound,1
Ouija,1
Ouroboros,1
Outback,1
Outcast,1
Outlaw,1
Outreach,1
Outrider,1
Outrigger,1
Oven,1
Overclock,1
Overdrive,1
Overhead,1
Overheat,1
Overlord,1
Overwatch,1
Owl,1
Owlman,1
Ox,1
Oz,1
Ozark,1
Pacer,1
Packer,1
Packrat,1
Pagan,1
Paingod,1
Paint,1
Painter,1
Paladin,1
Pale Rider,1
Palerider,1
Palisade,1
Pamola,1
Pan,1
Panabas,1
Panama,1
Pancake,1
Panda,1
Pandora,1
Panic,1
Panther,1
Panzer,1
Paradise,1
Paradox,1
Paragon,1
Parrot,1
Parry,1
Partisan,1
Passkey,1
Password,1
Patch,1
Patch-Eye,1
Patches,1
Pathfinder,1
Patriot,1
Patton,1
Pavement,1
Payback,1
Payday,1
Payroll,1
Peace,1
Peacebreaker,1
Peach,1
Peak,1
Peanut,1
Peanut Butter,1
Pearl,1
Pegasus,1
Pelican,1
Pendragon,1
Penghou,1
Penguin,1
Peregrine,1
Perseus,1
Peryton,1
Phantom,1
Phantomstrike,1
Pharaoh,1
Phobia,1
Phoenix,1
Photon,1
Picker,1
Pickle,1
Pickup,1
Picnic,1
Pidge,1
Pigeon,1
Pigpen,1
Pilgrim,1
Pillbug,1
Pinball,1
Ping Pong,1
Pinkie,1
Pinky,1
Pinnacle,1
Pinto,1
Pioneer,1
Pipeline,1
Piper,1
Piranha,1
Pirate,1
Pirhana,1
Pistol,1
Piston,1
Pitbull,1
Pitcher,1
Pitman,1
Pixel,1
Pixie,1
Pizza,1
Plan B,1
Plankton,1
Plasma,1
Platinum,1
Player,1
Plink,1
Plinkie,1
Plover,1
Plumado,1
Pluto,1
Pocus,1
Pod,1
Pointer,1
Poison,1
Poker,1
Polar,1
Polar Bear,1
Polaris,1
Polecat,1
Pollen,1
Polt,1
Poltergeist,1
Pontoon,1
Pony,1
Pooka,1
Pop,1
Pope,1
Popper,1
Porcupine,1
Porthos,1
Poseidon,1
Possum,1
Powerhawk,1
Powerline,1
Pox,1
Praetorian,1
Prancer,1
Predator,1
Prelude,1
Premier,1
Pretzel,1
Prickleback,1
Priest,1
Prime,1
Primer,1
Primetime,1
Primrose,1
Prince,1
Princess,1
Prism,1
Prodigy,1
Professor,1
Promenade,1
Prometheus,1
Prophet,1
Proteus,1
Proton,1
Prototype,1
Provocator,1
Prowl,1
Prowler,1
Proxima,1
Prysm,1
Psyche,1
Psycho,1
Puddles,1
Puffbird,1
Puffin,1
Pulsar,1
Pulse,1
Puma,1
Pumpkin,1
Punchcard,1
Punchy,1
Punisher,1
Punishment,1
Puppet Master,1
Purity,1
Pursuer,1
Pylon,1
Pyramid,1
Pyro,1
Quagmire,1
Quake,1
Quantum,1
Quarterback,1
Quartz,1
Quasar,1
Queen,1
Queen Bee,1
Queenie,1
Quest,1
Quickfire,1
Quicksand,1
Quickshot,1
Quicksilver,1
Quiet,1
Quiver,1
Rabbit,1
Rabble,1
Racer,1
Racetrack,1
Rack,1
Radar,1
Radiance,1
Radiant,1
Radiowave,1
Raft,1
Rafter,1
Ragnarok,1
Ragtime,1
Raid,1
Raider,1
Rain,1
Rain Bird,1
Rainbow,1
Rainman,1
Rambo,1
Ramen,1
Rampage,1
Rampart,1
Rancher,1
Range-Bull,1
Ranger,1
Ranseur,1
Rapier,1
Raptor,1
Rascal,1
Raspberry,1
Rat Party,1
Ratchet,1
Rattler,1
Rattlesnake,1
Raven,1
Rawhide,1
Raygun,1
Razor,1
Razorback,1
Razorcat,1
Reach,1
Readout,1
Ready,1
Reaper,1
Rebel,1
Rebound,1
Recharge,1
Reckless,1
Reckoner,1
Recluse,1
Recoil,1
Red,1
Red Comet,1
Red Flag,1
Red Star,1
Red Velvet,1
Redcap,1
Redeemer,1
Redemption,1
Redeye,1
Redline,1
Redwing,1
Redwood,1
Referee,1
Refrigerator,1
Regal,1
Regulator,1
Reheat,1
Rein,1
Relentless,1
Remedy,1
Renegade,1
Repo,1
Rescue,1
Reset,1
Resolute,1
Resonance,1
Retcon,1
Retribution,1
Retriever,1
Retro,1
Revelation,1
Revere,1
Reverie,1
Revolt,1
Revolution,1
Rewire,1
Rewrite,1
Rex,1
Rhapsody,1
Rhea,1
Rhino,1
Rhyme,1
Rib-Eye,1
Richter,1
Rico,1
Ricochet,1
Riddler,1
Rider,1
Ridgehound,1
Rifle,1
Rift,1
Rig,1
Rigs,1
Ringer,1
Ringman,1
Ringo,1
Ripcord,1
Ripley,1
Ripper,1
Ripsaw,1
Riptide,1
Risky,1
Rival,1
River,1
Rivet,1
Roach,1
Road Block,1
Roadrash,1
Robby,1
Rock,1
Rocket,1
Rockjaw,1
Rocky,1
Rodeo,1
Rogue,1
Rolex,1
Roller,1
Roman,1
Romeo,1
Rommel,1
Ronin,1
Rook,1
Rookie,1
Rooster,1
Root,1
Rose,1
Rosebud,1
Rotgut,1
Rotor,1
Rottweiler,1
Roughneck,1
Roughrider,1
Roulette,1
Rounder,1
Roundup,1
Rover,1
Royal,1
Royale,1
Rubber Duck,1
Rubicon,1
Rubius,1
Ruby,1
Rude,1
Rude Dog,1
Rufus,1
Rugby,1
Ruin,1
Rumble,1
Rusalka,1
Rush,1
Rusty,1
Ruthless,1
Saber,1
Sabotage,1
Sabre,1
Safety,1
Saffron,1
Sage,1
Sahara,1
Saint,1
Salad,1
Salamander,1
Salem,1
Salesman,1
Salsa,1
Salty Dog,1
Salvage,1
Samnite,1
Samurai,1
Sand Wedge,1
Sandbag,1
Sandcastle,1
Sandhog,1
Sandman,1
Sandstorm,1
Sandwich,1
Santa,1
Sapper,1
Sapphire,1
Sasquatch,1
Satori,1
Saturn,1
Satyr,1
Sauce,1
Savage,1
Savvy,1
Sawblade,1
Sawbuck,1
Saxon,1
Scandal,1
Scar,1
Scarab,1
Scarecrow,1
Scarface,1
Scarlet,1
Scars,1
Scary,1
Scepter,1
Scimitar,1
Scooter,1
Scope,1
Scorch,1
Score,1
Scorpio,1
Scorpion,1
Scotch,1
Scoundrel,1
Scourge,1
Scout,1
Scramble,1
Scrapheap,1
Scrapper,1
Scrappy,1
Scraps,1
Scratch,1
Scratchy,1
Screamer,1
Screwloose,1
Scruff,1
Scruffer,1
Scruffy,1
Scuba,1
Sculpin,1
Scythe,1
Sea Dragon,1
Sea Lord,1
Sea Witch,1
Seabreeze,1
Seagull,1
Sealion,1
Searchlight,1
Secutor,1
Seelie,1
Selket,1
Selkie,1
Senate,1
Seneschal,1
Sentinel,1
Sentry,1
Septic,1
Serenity,1
Serial,1
Serpent,1
Servo,1
Set Up,1
Sever,1
Severe,1
Shades,1
Shadow,1
Shadowblade,1
Shadowclaw,1
Shadowfury,1
Shadowhawk,1
Shadowheart,1
Shadowstorm,1
Shadowstrike,1
Shadowwatcher,1
Shadowwing,1
Shady,1
Shaft,1
Shakes,1
Shakespeare,1
Shaman,1
Shamrock,1
Shank,1
Shapeshifter,1
Shark,1
Sheet Metal,1
Shell,1
Shell Shock,1
Sheriff,1
Shield,1
Shifter,1
Shifty,1
Shimmer,1
Shiv,1
Shiva,1
Shiver,1
Shivers,1
Shock,1
Shock Jock,1
Shocker,1
Shockwave,1
Shoe,1
Shogun,1
Shooter,1
Short Straw,1
Shortlist,1
Shortstop,1
Shortwire,1
Shorty,1
Shotel,1
Shotgun,1
Shout Out,1
Showbiz,1
Showboat,1
Showdown,1
Showtime,1
Shrapnel,1
Shriek,1
Shrike,1
Shrink,1
Shut-In,1
Shutter,1
Sicilian,1
Sickle,1
Sidearm,1
Sidecar,1
Sideshow,1
Sidetrack,1
Sidewinder,1
Siege,1
Sierra,1
Siesta,1
Signals,1
Signs,1
Silence,1
Silent,1
Silver,1
Silver Eagle,1
Silverback,1
Simurgh,1
Sinister,1
Sinner,1
Siren,1
Sirius,1
Six,1
Sixpack,1
Sizzler,1
Sjambok,1
Skater,1
Skeet,1
Skidoo,1
Skinner,1
Skippy,1
Skull,1
Skulls,1
Skunk,1
Skydancer,1
Skyhawk,1
Skylark,1
Skyline,1
Skyward,1
Slab,1
Slacker,1
Slam,1
Slammer,1
Slapshot,1
Slash,1
Slasher,1
Slaw,1
Slayer,1
Sledge,1
Sleek,1
Sleeper,1
Sleepy,1
Sleipnir,1
Slick,1
Slider,1
Sliderule,1
Slim,1
Slinger,1
Slingshot,1
Slipstick,1
Sloth,1
Slow Burn,1
Slugger,1
Sluggo,1
Smallfry,1
Smasher,1
Smiley,1
Smog,1
Smoke,1
Smokes,1
Smokescreen,1
Smokey,1
Smolder,1
Snake,1
Snake Eyes,1
Snakeroot,1
Snakewood,1
Snap,1
Snapper,1
Snapshot,1
Snarl,1
Sneak,1
Sneaky,1
Sneezy,1
Snicker,1
Snip,1
Snitch,1
Snoop,1
Snow,1
Snowball,1
Snowbank,1
Snowbird,1
Snowbound,1
Snowflake,1
Snowman,1
Snowstorm,1
Sobek,1
Socket,1
Socks,1
Soda Pop,1
Softpoint,1
Solace,1
Solar,1
Solaris,1
Solitaire,1
Solo,1
Solomon,1
Solstice,1
Sombrero,1
Sonar,1
Sonic,1
Sorcerer,1
Sound,1
Sourbug,1
Sourdough,1
Sourpuss,1
Sovereign,1
Spacer,1
Spade,1
Spaniel,1
Spare Parts,1
Spark,1
Sparkle,1
Sparkles,1
Sparks,1
Sparky,1
Sparrow,1
Sparrowhawk,1
Spartan,1
Spear,1
Spectacle,1
Specter,1
Spectre,1
Spectrum,1
Speedbird,1
Speedster,1
Speedy,1
Spender,1
Spetum,1
Sphinx,1
Spice,1
Spicy,1
Spider,1
Spider Monkey,1
Spigot,1
Spike,1
Spirit,1
Spitfire,1
Splendor,1
Splinter,1
Spoiler,1
Spook,1
Spooky,1
Sport,1
Spotlight,1
Spotter,1
Sprawl,1
Sprinkles,1
Sprint,1
Sprinter,1
Sprite,1
Sprocket,1
Spud,1
Squib,1
Squirrel,1
Squirt,1
Stacks,1
Stag,1
Stake,1
Stalk,1
Stalker,1
Stallion,1
Star,1
Starbird,1
Starbuck,1
Starburst,1
Stardust,1
Starfighter,1
Starfire,1
Starfish,1
Stargazer,1
Starlight,1
Starman,1
Starship,1
Static,1
Station,1
Stealth,1
Steamer Duck,1
Steamfitter,1
Steel,1
Steelclaw,1
Steeljaw,1
Steelstorm,1
Steelwing,1
Stellar,1
Stick,1
Stiletto,1
Sting,1
Stinger,1
Stingray,1
Stinky,1
Stitch,1
Stoic,1
Stomp,1
Stonecold,1
Stonefish,1
Stonehenge,1
Stork,1
Storm,1
Stormcloud,1
Stormwalker,1
Stranger,1
Stratos,1
Stray,1
Streak,1
Strike,1
Striker,1
Strings,1
Strip,1
Stripe,1
Strix,1
Strobe,1
Stunner,1
Sturm,1
Styx,1
Sugar Rush,1
Sulphur,1
Summit,1
Sunburst,1
Sundance,1
Sunfish,1
Sunflower,1
Sunlight,1
Sunray,1
Sunset,1
Sunshine,1
Sunspot,1
Supernova,1
Supersonic,1
Superstar,1
Sureshot,1
Surf,1
Surfer,1
Surge,1
Swallow,1
Swamp,1
Swamp Thing,1
Swan,1
Sweep,1
Sweeper,1
Sweetness,1
Swerve,1
Swift,1
Swing,1
Switch,1
Switchback,1
Sword,1
Swordfish,1
Symphony,1
Syndrome,1
Syrup,1
T-Bone,1
Taboo,1
Tactic,1
Taiaha,1
Tailgate,1
Taipan,1
Takoba,1
Talibong,1
Talisman,1
Talky,1
Talon,1
Talos,1
Tango,1
Taniwha,1
Tank,1
Tanuki,1
Tapper,1
Taproom,1
Tarbox,1
Target,1
Tarise,1
Tartan,1
Tarzan,1
Taskmaster,1
Tasty,1
Taxman,1
Teacher,1
Teardrop,1
Tectonic,1
Teflon,1
Telltale,1
Tempest,1
Templar,1
Tempo,1
Tengu,1
Terminator,1
Termite,1
Terrier,1
Terrorbird,1
Tesla,1
Tesseract,1
Testtube,1
Texas,1
Thane,1
The Count,1
Theropod,1
Thief,1
Thinker,1
Thirteen,1
Thor,1
Thorax,1
Thoth,1
Thracian,1
Thraex,1
Thrash,1
Thrasher,1
Thread,1
Thresher,1
Thriller,1
Thud,1
Thumper,1
Thunder,1
Thunderbird,1
Thunderbolt,1
Thunderclap,1
Thunderclaw,1
Thunderer,1
Thunderfist,1
Thunderheart,1
Thunderstorm,1
Thunderstrike,1
Tick,1
Tickle,1
Tidal,1
Tiger,1
Tigertail,1
Tikbalang,1
Timekeeper,1
Timeline,1
Timeslice,1
Tin Can,1
Tin Man,1
Tinker,1
Tinkerbell,1
Tiny,1
Tire Fire,1
Titan,1
Toad,1
Toad-fox,1
Toaster,1
Toggle,1
Tombstone,1
Toothsome,1
Top Notch,1
Top Shelf,1
Torch,1
Tornado,1
Toro,1
Torpedo,1
Torrent,1
Totem,1
Tots,1
Toucan,1
Toxic,1
Tracker,1
Tracks,1
Tractor,1
Trail Boss,1
Trailblazer,1
Train,1
Trampoline,1
Trance,1
Tranquil,1
Tranquility,1
Trap,1
Trapline,1
Trapper,1
Trash,1
Trashcan,1
Traveller,1
Tread,1
Treasure,1
Tremor,1
Tri Vid,1
Triceratops,1
Tricky,1
Trident,1
Trig,1
Trigger,1
Trilobyte,1
Trinity,1
Trip,1
Trips,1
Tripwire,1
Triton,1
Triumph,1
TRO,1
Trojan,1
Troll,1
Trooper,1
Tropic,1
Trouble,1
Troubleshooter,1
Trout,1
Truce,1
Truck,1
Trucker,1
Tsunami,1
Tugboat,1
Tulpa,1
Tumble,1
Tumble Weed,1
Tupilaq,1
Turbine,1
Turbo,1
Turk,1
Turnaround,1
Turtle,1
Tusk,1
Twilight,1
Twinblade,1
Twinkle,1
Twister,1
Twitch,1
Two Tap,1
Two Times,1
Two-Dog,1
Two-Strike,1
Typhoon,1
Tyrant,1
Ultimatum,1
Ultra,1
Umbra,1
Umpire,1
Uncle,1
Underboss,1
Undertaker,1
Undertow,1
Undine,1
Unicorn,1
Unicycle,1
Union,1
Unity,1
Universal,1
Unruly,1
Uprising,1
Utopia,1
Vagabond,1
Vagrant,1
Valentine,1
Valkyrie,1
Valor,1
Vamp,1
Vampire,1
Vanara,1
Vandal,1
Vanguard,1
Vanilla,1
Vapor,1
Vapour,1
Vector,1
Vegas,1
Veil,1
Velocity,1
Vendetta,1
Vengeance,1
Venom,1
Venture,1
Venus,1
Verdant,1
Vespa,1
Vesper,1
Vespid,1
Vesta,1
Vibrance,1
Vice,1
Victor,1
Victory,1
Vigil,1
Viking,1
Violet,1
Viper,1
Vision,1
Visionary,1
Vita,1
Vixen,1
Vodka,1
Vogel,1
Voice,1
Volcano,1
Volt,1
Voltage,1
Voodoo,1
Vortex,1
Voyager,1
Vulcan,1
Vulpes,1
Vulpine,1
Vulture,1
Wagon,1
Waihaka,1
Wak-Wak,1
Walker,1
Wall,1
Wallaby,1
Walnuts,1
Wanderer,1
Wanderlust,1
Warbird,1
Warcrime,1
Warcry,1
Warden,1
Wardog,1
Warhammer,1
Warhorse,1
Warlock,1
Warlord,1
Warmaster,1
Warpath,1
Warren,1
Warrior,1
Wasp,1
Watchdog,1
Watson,1
Wayfarer,1
Weasel,1
Webcap,1
Wedge,1
Weevil,1
Werewolf,1
Wharf,1
Wheel,1
Whelk,1
Whetstone,1
Whimsy,1
Whiplash,1
Whirlwind,1
Whiskey,1
Whisper,1
Whistle,1
Whistler,1
White Rose,1
White Tiger,1
Who,1
Wicked,1
Wiggly,1
Wild Goose,1
Wild Thing,1
Wildcat,1
Wildchild,1
Wildfire,1
Wildflower,1
Wildheart,1
Wildling,1
Wildman,1
Willow,1
Windchild,1
Windsock,1
Windstorm,1
Wingman,1
Wingspan,1
Winner,1
Winter,1
Wiseman,1
Witchy,1
Wiz,1
Wizard,1
Wobbegong,1
Wolf,1
Wolfman,1
Wolverine,1
Wombat,1
Wonderboy,1
Woodhen,1
Woody,1
Workhorse,1
Worldwide,1
Worm,1
Worrywart,1
Wraith,1
Wrangler,1
Wrath,1
Wrecker,1
Wrecking Ball,1
Wren,1
Wrench,1
Wrestler,1
Wyrm,1
Wyvern,1
X-Ray,1
Xanadu,1
Xeno,1
Xenon,1
Xerox,1
Xerxes,1
Yankee,1
Yellowjacket,1
Yeti,1
Yin-Yang,1
Ymir,1
Yogi,1
Yonder,1
Young Gun,1
Yowie,1
Yukon,1
Zap,1
Zapper,1
Zealot,1
Zebra,1
Zebroid,1
Zed,1
Zen,1
Zenith,1
Zephyr,1
Zeppelin,1
Zero,1
Zest,1
Zeus,1
Zilch,1
Zing,1
Zinger,1
Zipper,1
Zircon,1
Zodiac,1
Zombie,1
Zoom,1
Zorro,1
Zulu,1
Zypher,1